Customer_ID,Age,Gender,Location,Last_Purchase_Date,Purchase_Amount,Purchase_Frequency,Site_Visits,Email_Opens,Coupon_Usage,Churn,Recency,Monetary,Frequency,Churn_prediction
CUST_0001,56,0,3,2023-11-24,389.58,9,44,14,1,1,388,389.58,9,1
CUST_0002,46,1,3,2023-02-27,334.07,2,40,4,4,1,658,334.07,2,1
CUST_0003,32,0,0,2023-01-13,100.75,5,43,21,4,0,703,100.75,5,0
CUST_0004,60,0,4,2023-05-21,95.31,6,22,15,3,0,575,95.31,6,0
CUST_0005,25,0,3,2023-05-06,58.21,7,20,12,1,1,590,58.21,7,1
CUST_0006,38,1,3,2023-04-25,333.55,1,8,21,4,0,601,333.55,1,0
CUST_0007,56,0,1,2023-03-13,384.54,7,29,24,1,0,644,384.54,7,0
CUST_0008,36,1,4,2023-02-22,139.87,12,40,19,4,0,663,139.87,12,0
CUST_0009,40,1,3,2023-12-13,20.26,16,26,17,0,0,369,20.26,16,0
CUST_0010,28,0,4,2023-10-07,50.26,16,30,10,2,1,436,50.26,16,1
CUST_0011,28,0,0,2023-02-14,484.25,11,17,26,0,0,671,484.25,11,0
CUST_0012,41,1,2,2023-10-30,154.77,4,20,8,4,0,413,154.77,4,0
CUST_0013,53,0,3,2023-08-05,386.92,13,16,15,2,0,499,386.92,13,0
CUST_0014,57,1,1,2023-01-17,316.09,7,46,1,2,0,699,316.09,7,0
CUST_0015,41,1,0,2023-01-16,197.15,4,43,25,4,0,700,197.15,4,0
CUST_0016,20,0,4,2023-02-17,110.79,15,7,24,4,1,668,110.79,15,1
CUST_0017,39,0,0,2023-04-22,69.48,19,16,1,1,0,604,69.48,19,0
CUST_0018,19,1,3,2023-04-30,311.36,9,45,11,4,1,596,311.36,9,1
CUST_0019,41,1,4,2023-09-16,389.57,11,47,7,3,1,457,389.57,11,1
CUST_0020,61,1,2,2023-11-05,325.51,8,48,8,4,0,407,325.51,8,0
CUST_0021,47,1,0,2023-01-14,269.85,1,27,11,3,0,702,269.85,1,0
CUST_0022,55,0,3,2023-10-15,30.56,8,23,25,4,0,428,30.56,8,0
CUST_0023,19,0,1,2023-04-12,484.56,13,24,8,1,0,614,484.56,13,0
CUST_0024,38,0,4,2023-11-29,401.37,4,9,9,3,1,383,401.37,4,0
CUST_0025,50,0,0,2023-12-26,153.48,8,35,24,0,1,356,153.48,8,1
CUST_0026,29,0,0,2023-10-07,490.19,3,20,1,3,0,436,490.19,3,0
CUST_0027,39,1,2,2023-08-03,304.92,9,37,15,1,0,501,304.92,9,0
CUST_0028,61,0,2,2023-04-23,295.39,2,42,19,3,1,603,295.39,2,1
CUST_0029,42,0,1,2023-08-18,376.56,2,17,6,4,1,486,376.56,2,1
CUST_0030,44,0,1,2023-10-29,407.77,13,47,27,4,0,414,407.77,13,0
CUST_0031,59,0,3,2023-05-23,331.67,15,31,1,1,0,573,331.67,15,0
CUST_0032,45,0,3,2023-01-04,72.77,12,8,0,2,0,712,72.77,12,0
CUST_0033,33,1,1,2023-03-23,175.75,4,15,18,4,1,634,175.75,4,1
CUST_0034,32,1,1,2023-12-24,464.76,8,31,27,0,0,358,464.76,8,0
CUST_0035,64,1,4,2023-08-05,120.06,9,30,3,1,0,499,120.06,9,0
CUST_0036,61,0,2,2023-06-24,192.36,5,46,23,3,0,541,192.36,5,0
CUST_0037,20,1,3,2023-05-23,221.72,18,20,21,3,0,573,221.72,18,0
CUST_0038,54,1,2,2023-03-21,225.31,11,39,26,0,0,636,225.31,11,0
CUST_0039,24,0,2,2023-04-21,310.34,15,12,1,4,1,605,310.34,15,1
CUST_0040,38,0,1,2023-06-22,472.11,9,49,24,1,0,543,472.11,9,1
CUST_0041,26,0,4,2023-02-22,127.94,17,17,13,0,0,663,127.94,17,0
CUST_0042,56,1,0,2023-02-17,69.54,12,42,1,4,0,668,69.54,12,0
CUST_0043,35,1,4,2023-07-14,106.76,7,30,28,1,0,521,106.76,7,0
CUST_0044,21,0,4,2023-02-19,444.59,10,29,14,3,0,666,444.59,10,0
CUST_0045,42,0,2,2023-07-03,326.45,10,19,11,1,0,532,326.45,10,0
CUST_0046,31,1,4,2023-06-26,150.09,13,46,4,2,0,539,150.09,13,0
CUST_0047,26,1,3,2023-11-06,409.81,19,11,27,1,0,406,409.81,19,0
CUST_0048,43,0,2,2023-05-16,432.07,11,34,19,2,0,580,432.07,11,0
CUST_0049,19,0,3,2023-01-23,424.79,13,7,28,1,0,693,424.79,13,0
CUST_0050,37,1,0,2023-08-24,460.27,8,44,6,2,1,480,460.27,8,1
CUST_0051,45,0,2,2023-10-02,133.6,8,34,23,3,1,441,133.6,8,1
CUST_0052,64,1,0,2023-03-05,379.97,4,20,20,4,0,652,379.97,4,0
CUST_0053,24,1,2,2023-07-13,235.66,15,38,9,2,0,522,235.66,15,0
CUST_0054,61,1,1,2023-02-10,422.58,11,24,13,2,1,675,422.58,11,1
CUST_0055,25,1,4,2023-10-10,366.96,11,10,13,3,0,433,366.96,11,0
CUST_0056,64,0,1,2023-05-31,390.46,1,32,4,2,1,565,390.46,1,1
CUST_0057,52,0,0,2023-11-18,331.52,17,15,17,0,1,394,331.52,17,1
CUST_0058,31,1,4,2023-11-13,96.94,15,37,23,3,0,399,96.94,15,0
CUST_0059,34,1,2,2023-07-05,277.06,6,20,13,0,0,530,277.06,6,0
CUST_0060,53,1,4,2023-10-23,492.49,15,3,1,3,1,420,492.49,15,1
CUST_0061,57,1,3,2023-04-09,469.32,9,37,25,2,0,617,469.32,9,0
CUST_0062,21,1,4,2023-12-27,31.16,14,40,11,0,0,355,31.16,14,0
CUST_0063,19,0,3,2023-02-05,90.76,18,8,21,2,0,680,90.76,18,0
CUST_0064,23,0,4,2023-01-24,74.55,17,40,23,3,0,692,74.55,17,0
CUST_0065,59,0,3,2023-12-05,365.73,18,44,5,2,0,377,365.73,18,0
CUST_0066,21,0,0,2023-04-27,410.71,5,23,3,0,1,599,410.71,5,0
CUST_0067,46,1,1,2023-05-29,114.62,9,40,12,0,1,567,114.62,9,0
CUST_0068,35,1,2,2023-02-10,257.87,11,11,3,2,0,675,257.87,11,0
CUST_0069,43,1,4,2023-04-30,421.94,1,46,21,1,0,596,421.94,1,0
CUST_0070,61,1,1,2023-02-21,369.07,18,8,13,3,0,664,369.07,18,0
CUST_0071,51,1,2,2023-07-14,275.7,6,29,15,3,0,521,275.7,6,0
CUST_0072,27,0,2,2023-05-23,299.27,2,30,28,2,0,573,299.27,2,0
CUST_0073,53,1,3,2023-08-21,259.1,15,10,3,1,1,483,259.1,15,0
CUST_0074,31,0,0,2023-11-22,155.8,14,39,23,0,1,390,155.8,14,1
CUST_0075,48,0,0,2023-07-06,286.86,5,28,24,4,0,529,286.86,5,0
CUST_0076,32,0,1,2023-03-25,347.55,6,49,0,4,0,632,347.55,6,0
CUST_0077,25,0,0,2023-07-09,437.93,6,36,12,2,0,526,437.93,6,0
CUST_0078,31,1,4,2023-07-01,321.78,18,13,3,1,0,534,321.78,18,0
CUST_0079,40,0,0,2023-04-18,382.95,14,32,19,1,0,608,382.95,14,0
CUST_0080,57,0,1,2023-12-10,88.44,10,36,17,3,0,372,88.44,10,0
CUST_0081,38,0,0,2023-05-17,236.16,14,37,5,0,1,579,236.16,14,1
CUST_0082,33,1,4,2023-12-26,14.57,13,26,2,1,0,356,14.57,13,0
CUST_0083,62,1,3,2023-12-16,130.87,3,22,22,4,0,366,130.87,3,0
CUST_0084,35,1,1,2023-11-28,365.97,6,4,12,0,1,384,365.97,6,1
CUST_0085,64,0,3,2023-02-06,492.49150000000003,8,31,26,0,0,679,495.99,8,0
CUST_0086,41,0,3,2023-11-08,58.6,12,18,15,2,0,404,58.6,12,0
CUST_0087,43,1,3,2023-11-22,206.73,13,38,26,1,0,390,206.73,13,0
CUST_0088,42,0,2,2023-03-29,402.03,11,24,4,2,0,628,402.03,11,0
CUST_0089,62,1,2,2023-10-01,109.98,12,23,3,1,1,442,109.98,12,1
CUST_0090,58,1,3,2023-05-06,281.99,1,22,20,3,0,590,281.99,1,0
CUST_0091,46,0,1,2023-03-25,369.2,17,2,7,2,1,632,369.2,17,1
CUST_0092,32,0,4,2023-08-25,311.83,16,31,18,2,0,479,311.83,16,0
CUST_0093,62,0,4,2023-07-14,102.13,11,11,13,4,0,521,102.13,11,0
CUST_0094,18,0,0,2023-05-19,184.14,13,28,6,2,1,577,184.14,13,1
CUST_0095,42,1,1,2023-11-24,394.06,18,46,13,1,0,388,394.06,18,0
CUST_0096,24,1,2,2023-12-19,281.57,11,32,5,4,0,363,281.57,11,0
CUST_0097,26,1,3,2023-10-13,12.56,12,5,11,2,0,430,12.56,12,0
CUST_0098,41,1,0,2023-04-23,382.89,6,38,15,2,0,603,382.89,6,0
CUST_0099,18,1,4,2023-12-17,27.3,9,10,16,3,0,365,27.3,9,0
CUST_0100,61,0,2,2023-06-16,375.41,16,40,12,2,0,549,375.41,16,0
CUST_0101,25,1,2,2023-01-29,109.22,4,46,22,0,0,687,109.22,4,0
CUST_0102,41,1,3,2023-04-28,479.46,3,24,13,4,0,598,479.46,3,0
CUST_0103,28,1,4,2023-01-17,190.29,16,35,28,0,1,699,190.29,16,1
CUST_0104,34,0,1,2023-06-11,170.2,12,44,6,4,0,554,170.2,12,0
CUST_0105,25,0,2,2023-07-25,82.96,11,48,13,3,1,510,82.96,11,1
CUST_0106,52,0,3,2023-05-18,159.75,5,23,14,2,0,578,159.75,5,0
CUST_0107,52,0,1,2023-02-03,439.56,18,17,11,2,0,682,439.56,18,0
CUST_0108,50,1,4,2023-04-19,492.49150000000003,19,1,16,2,1,607,498.2,19,1
CUST_0109,22,1,2,2023-10-18,190.47,6,31,8,4,0,425,190.47,6,0
CUST_0110,59,0,1,2023-06-11,229.82,18,31,21,2,1,554,229.82,18,0
CUST_0111,56,0,1,2023-04-19,363.81,6,42,14,0,0,607,363.81,6,0
CUST_0112,58,1,1,2023-12-02,444.24,4,42,11,2,0,380,444.24,4,0
CUST_0113,45,1,2,2023-09-13,300.59,12,34,1,3,0,460,300.59,12,0
CUST_0114,24,0,2,2023-07-22,201.85,19,9,4,0,0,513,201.85,19,0
CUST_0115,26,0,0,2023-11-26,212.18,2,22,12,2,1,386,212.18,2,1
CUST_0116,25,0,4,2023-08-23,350.85,17,13,26,2,0,481,350.85,17,0
CUST_0117,29,0,3,2023-03-15,11.58,11,25,19,1,1,642,11.58,11,1
CUST_0118,51,1,1,2023-05-16,313.6,11,48,22,4,1,580,313.6,11,1
CUST_0119,50,1,0,2023-03-13,184.19,16,18,7,0,0,644,184.19,16,0
CUST_0120,40,1,3,2023-05-07,399.16,2,12,26,1,0,589,399.16,2,0
CUST_0121,41,0,0,2023-10-15,55.57,2,40,13,3,1,428,55.57,2,0
CUST_0122,54,0,2,2023-10-03,298.22,8,17,14,4,1,440,298.22,8,1
CUST_0123,52,1,1,2023-05-15,245.68,13,15,10,0,0,581,245.68,13,0
CUST_0124,61,1,3,2023-10-27,324.74,10,42,0,2,0,416,324.74,10,0
CUST_0125,57,1,3,2023-08-08,41.78,8,15,20,0,0,496,41.78,8,0
CUST_0126,39,1,3,2023-10-26,294.19,4,15,2,2,0,417,294.19,4,0
CUST_0127,44,0,3,2023-07-24,285.13,15,39,16,4,0,511,285.13,15,0
CUST_0128,52,1,3,2023-07-05,284.72,1,13,27,2,1,530,284.72,1,1
CUST_0129,18,1,0,2023-04-23,305.71,11,17,18,3,0,603,305.71,11,0
CUST_0130,52,1,1,2023-03-12,341.47,7,32,13,2,0,645,341.47,7,0
CUST_0131,54,1,2,2023-09-18,404.44,17,9,21,3,0,455,404.44,17,0
CUST_0132,64,1,2,2023-09-10,142.21,18,40,29,4,0,463,142.21,18,0
CUST_0133,31,1,2,2023-02-16,414.27,12,20,22,4,0,669,414.27,12,0
CUST_0134,20,1,2,2023-01-25,254.15,9,26,7,0,0,691,254.15,9,0
CUST_0135,18,0,0,2023-02-26,47.76,5,27,12,3,0,659,47.76,5,0
CUST_0136,22,0,4,2023-03-20,38.69,10,21,26,3,0,637,38.69,10,0
CUST_0137,43,0,1,2023-11-18,173.78,4,18,19,1,0,394,173.78,4,0
CUST_0138,31,0,3,2023-03-23,394.6,5,13,2,1,1,634,394.6,5,0
CUST_0139,56,1,4,2023-12-15,356.76,10,16,4,1,0,367,356.76,10,0
CUST_0140,44,0,2,2023-08-05,396.42,11,9,8,2,0,499,396.42,11,0
CUST_0141,26,0,4,2023-11-02,263.46,10,12,28,1,0,410,263.46,10,0
CUST_0142,32,1,1,2023-02-02,225.7,8,44,5,3,1,683,225.7,8,0
CUST_0143,32,1,3,2023-07-17,82.25,2,38,24,2,0,518,82.25,2,0
CUST_0144,43,0,3,2023-07-15,170.81,8,19,21,4,0,520,170.81,8,0
CUST_0145,59,0,1,2023-11-02,222.67,16,7,1,0,1,410,222.67,16,1
CUST_0146,30,1,1,2023-08-28,53.41,5,35,12,1,0,476,53.41,5,0
CUST_0147,49,0,2,2023-09-28,118.1,3,48,4,4,0,445,118.1,3,0
CUST_0148,56,1,3,2023-05-09,303.13,12,18,27,3,0,587,303.13,12,0
CUST_0149,49,1,4,2023-10-11,370.47,13,16,26,0,0,432,370.47,13,0
CUST_0150,21,1,0,2023-01-06,492.49150000000003,13,39,24,4,0,710,499.19,13,0
CUST_0151,47,1,0,2023-12-15,467.23,10,4,7,0,1,367,467.23,10,1
CUST_0152,54,0,1,2023-02-28,324.86,4,25,22,1,0,657,324.86,4,0
CUST_0153,40,1,2,2023-12-16,216.41,9,32,0,3,1,366,216.41,9,1
CUST_0154,56,1,0,2023-10-02,321.73,2,40,19,0,0,441,321.73,2,0
CUST_0155,62,0,3,2023-05-17,394.97,19,13,11,4,1,579,394.97,19,1
CUST_0156,32,1,1,2023-11-25,67.98,1,45,22,1,0,387,67.98,1,0
CUST_0157,60,0,4,2023-06-24,210.85,7,17,10,1,0,541,210.85,7,0
CUST_0158,46,0,1,2023-02-27,421.5,17,49,6,4,0,658,421.5,17,0
CUST_0159,53,0,4,2023-05-31,198.08,3,37,14,4,1,565,198.08,3,1
CUST_0160,30,1,1,2023-08-11,290.22,3,6,21,0,0,493,290.22,3,0
CUST_0161,49,0,1,2023-03-22,298.01,3,19,23,2,0,635,298.01,3,0
CUST_0162,24,0,1,2023-08-21,100.39,17,13,10,1,0,483,100.39,17,0
CUST_0163,39,1,4,2023-01-02,187.5,7,26,28,0,0,714,187.5,7,0
CUST_0164,45,0,4,2023-05-15,173.91,14,14,21,4,0,581,173.91,14,0
CUST_0165,19,0,1,2023-09-14,22.84,17,31,25,0,0,459,22.84,17,0
CUST_0166,59,0,0,2023-04-02,21.85,18,4,15,4,0,624,21.85,18,0
CUST_0167,62,0,2,2023-09-17,417.53,13,39,2,3,0,456,417.53,13,0
CUST_0168,23,0,2,2023-02-24,143.8,18,8,19,4,0,661,143.8,18,0
CUST_0169,45,1,2,2023-11-17,263.86,4,25,13,4,0,395,263.86,4,0
CUST_0170,45,0,4,2023-06-02,156.38,1,13,2,4,1,563,156.38,1,1
CUST_0171,61,0,4,2023-11-24,470.93,18,32,0,2,0,388,470.93,18,0
CUST_0172,61,1,0,2023-09-17,137.06,1,38,25,4,0,456,137.06,1,0
CUST_0173,37,1,2,2023-11-08,220.53,13,38,20,1,0,404,220.53,13,0
CUST_0174,47,1,2,2023-04-12,437.64,10,28,14,1,1,614,437.64,10,1
CUST_0175,28,0,1,2023-03-20,422.55,11,30,0,0,1,637,422.55,11,0
CUST_0176,45,1,4,2023-07-11,101.19,9,3,16,2,1,524,101.19,9,1
CUST_0177,42,0,2,2023-03-24,403.3,9,28,1,0,0,633,403.3,9,0
CUST_0178,56,0,0,2023-10-04,234.51,5,3,28,1,0,439,234.51,5,0
CUST_0179,50,1,0,2023-09-29,246.65,1,45,19,1,0,444,246.65,1,0
CUST_0180,18,1,2,2023-01-01,75.41,17,34,5,3,0,715,75.41,17,0
CUST_0181,44,0,4,2023-11-03,49.49,2,16,7,4,0,409,49.49,2,0
CUST_0182,30,1,0,2023-06-15,366.69,13,22,28,1,1,550,366.69,13,1
CUST_0183,58,0,1,2023-09-08,253.27,9,32,15,0,1,465,253.27,9,1
CUST_0184,20,1,0,2023-01-10,224.06,4,38,18,0,1,706,224.06,4,1
CUST_0185,56,1,3,2023-02-27,367.46,5,8,0,4,0,658,367.46,5,0
CUST_0186,23,1,3,2023-07-05,385.1,11,8,2,4,0,530,385.1,11,0
CUST_0187,25,0,4,2023-06-07,87.87,19,6,27,3,0,558,87.87,19,0
CUST_0188,44,1,2,2023-05-03,309.01,3,14,2,2,0,593,309.01,3,0
CUST_0189,26,0,4,2023-01-30,76.32,12,32,4,0,1,686,76.32,12,1
CUST_0190,54,0,4,2023-05-04,378.17,19,35,26,4,0,592,378.17,19,0
CUST_0191,50,0,4,2023-10-18,331.91,19,10,11,0,0,425,331.91,19,0
CUST_0192,59,0,4,2023-02-10,478.74,13,3,11,4,0,675,478.74,13,0
CUST_0193,61,1,1,2023-02-13,43.79,7,12,19,1,0,672,43.79,7,0
CUST_0194,41,0,1,2023-09-06,37.96,15,49,12,0,1,467,37.96,15,1
CUST_0195,32,0,0,2023-02-05,148.27,7,31,19,1,0,680,148.27,7,0
CUST_0196,49,1,3,2023-09-30,138.24,8,29,8,0,1,443,138.24,8,1
CUST_0197,49,0,4,2023-03-06,131.02,5,5,6,2,0,651,131.02,5,0
CUST_0198,41,1,0,2023-03-07,454.06,14,25,3,3,0,650,454.06,14,0
CUST_0199,58,0,3,2023-12-04,132.28,4,41,18,1,1,378,132.28,4,0
CUST_0200,29,1,2,2023-09-01,143.26,10,31,21,4,0,472,143.26,10,0
CUST_0201,56,0,1,2023-10-09,382.11,15,21,18,2,1,434,382.11,15,1
CUST_0202,19,1,3,2023-03-26,230.37,18,20,5,0,0,631,230.37,18,0
CUST_0203,20,0,2,2023-05-16,390.59,13,39,26,1,0,580,390.59,13,0
CUST_0204,54,0,3,2023-09-28,42.03,8,22,12,0,0,445,42.03,8,0
CUST_0205,34,1,1,2023-11-07,248.91,9,4,10,0,1,405,248.91,9,1
CUST_0206,19,1,1,2023-08-05,26.47,16,13,12,0,0,499,26.47,16,0
CUST_0207,19,1,0,2023-04-19,40.7,19,45,12,3,1,607,40.7,19,1
CUST_0208,45,1,4,2023-10-04,454.15,16,42,27,3,0,439,454.15,16,0
CUST_0209,40,0,3,2023-12-20,78.23,7,49,24,4,0,362,78.23,7,0
CUST_0210,54,0,3,2023-04-13,270.89,14,20,21,1,0,613,270.89,14,0
CUST_0211,49,1,2,2024-01-01,211.44,14,13,27,2,0,350,211.44,14,0
CUST_0212,50,0,1,2023-06-09,180.2,4,17,19,2,0,556,180.2,4,0
CUST_0213,18,1,3,2023-07-24,450.92,15,36,14,2,1,511,450.92,15,1
CUST_0214,36,1,1,2023-12-10,20.69,3,33,20,0,0,372,20.69,3,0
CUST_0215,19,0,3,2023-11-29,335.26,5,1,12,3,0,383,335.26,5,0
CUST_0216,61,0,0,2023-07-11,482.06,1,15,21,1,0,524,482.06,1,0
CUST_0217,43,0,4,2023-08-13,284.48,3,13,10,0,0,491,284.48,3,0
CUST_0218,49,0,3,2023-09-22,469.04,15,17,18,3,0,451,469.04,15,0
CUST_0219,23,0,1,2023-08-20,35.61,8,24,7,3,0,484,35.61,8,0
CUST_0220,49,0,0,2023-03-03,215.21,4,8,19,1,0,654,215.21,4,0
CUST_0221,21,0,3,2023-05-07,137.48,2,27,7,1,0,589,137.48,2,0
CUST_0222,28,1,2,2023-04-26,368.1,10,45,9,1,0,600,368.1,10,0
CUST_0223,34,1,4,2023-02-02,490.84,4,23,25,0,0,683,490.84,4,0
CUST_0224,55,1,3,2023-06-23,135.7,3,46,15,4,0,542,135.7,3,0
CUST_0225,41,1,0,2023-01-11,330.55,2,8,18,1,0,705,330.55,2,0
CUST_0226,22,1,2,2023-10-29,107.07,17,8,25,4,0,414,107.07,17,0
CUST_0227,51,0,0,2023-10-11,287.01,13,26,22,0,1,432,287.01,13,1
CUST_0228,23,1,0,2023-04-28,237.33,5,47,10,4,1,598,237.33,5,0
CUST_0229,39,1,2,2023-10-29,486.28,9,13,12,2,1,414,486.28,9,1
CUST_0230,28,1,0,2023-04-23,308.18,6,39,27,4,0,603,308.18,6,0
CUST_0231,33,1,2,2023-01-04,181.26,5,37,8,1,1,712,181.26,5,1
CUST_0232,50,1,3,2023-02-06,65.91,10,49,19,0,1,679,65.91,10,0
CUST_0233,26,1,2,2023-12-29,84.11,8,28,23,1,1,353,84.11,8,1
CUST_0234,23,1,2,2023-11-20,120.41,7,25,18,2,0,392,120.41,7,0
CUST_0235,33,0,4,2023-01-31,132.97,7,16,15,1,0,685,132.97,7,0
CUST_0236,46,0,2,2023-04-28,426.8,6,2,6,1,1,598,426.8,6,1
CUST_0237,20,1,2,2023-02-04,285.0,3,18,18,1,0,681,285.0,3,0
CUST_0238,37,0,3,2023-01-17,266.46,19,17,11,3,0,699,266.46,19,0
CUST_0239,53,0,4,2023-06-19,66.24,15,30,14,2,0,546,66.24,15,0
CUST_0240,36,0,1,2023-02-06,431.47,4,39,22,1,0,679,431.47,4,0
CUST_0241,43,0,3,2023-09-21,364.18,12,13,13,1,0,452,364.18,12,0
CUST_0242,20,1,3,2023-05-02,43.16,6,32,10,1,0,594,43.16,6,0
CUST_0243,36,0,1,2023-05-23,356.84,19,29,25,0,0,573,356.84,19,0
CUST_0244,37,0,2,2023-12-09,276.33,4,46,9,3,0,373,276.33,4,0
CUST_0245,49,0,0,2023-09-06,50.05,15,30,26,0,0,467,50.05,15,0
CUST_0246,24,1,4,2023-04-20,234.57,9,18,10,3,0,606,234.57,9,0
CUST_0247,58,1,0,2023-10-04,247.5,5,13,5,1,0,439,247.5,5,0
CUST_0248,50,1,1,2023-03-09,91.23,13,43,1,2,0,648,91.23,13,0
CUST_0249,57,1,3,2023-10-20,473.39,18,21,10,4,1,423,473.39,18,1
CUST_0250,56,1,3,2023-10-23,426.49,5,30,18,4,0,420,426.49,5,0
CUST_0251,35,1,4,2023-08-31,337.82,16,21,5,1,0,473,337.82,16,0
CUST_0252,57,1,3,2023-05-05,236.52,19,48,13,0,0,591,236.52,19,0
CUST_0253,18,0,3,2023-08-31,211.77,14,17,19,2,1,473,211.77,14,1
CUST_0254,28,0,4,2023-07-28,328.98,16,40,5,3,0,507,328.98,16,0
CUST_0255,45,0,4,2023-04-08,277.26,15,19,16,1,0,618,277.26,15,0
CUST_0256,42,1,1,2023-02-18,40.51,4,15,9,2,0,667,40.51,4,0
CUST_0257,40,1,3,2023-02-19,261.13,7,9,27,2,0,666,261.13,7,0
CUST_0258,48,1,3,2023-12-04,405.14,16,10,0,3,1,378,405.14,16,1
CUST_0259,47,1,1,2023-08-09,235.03,8,44,2,2,1,495,235.03,8,1
CUST_0260,59,1,2,2023-07-01,35.46,17,31,7,0,0,534,35.46,17,0
CUST_0261,52,0,2,2023-08-05,395.28,16,23,7,0,0,499,395.28,16,0
CUST_0262,24,0,2,2023-07-30,108.67,10,30,26,0,0,505,108.67,10,0
CUST_0263,33,1,1,2023-08-28,136.72,10,33,19,2,0,476,136.72,10,0
CUST_0264,43,1,3,2023-01-28,90.71,2,9,21,0,0,688,90.71,2,0
CUST_0265,19,1,1,2023-12-11,171.81,9,47,14,3,0,371,171.81,9,0
CUST_0266,18,1,1,2023-12-01,380.81,17,1,23,2,0,381,380.81,17,0
CUST_0267,29,0,2,2023-11-27,264.5,11,44,6,4,0,385,264.5,11,0
CUST_0268,22,1,0,2023-02-20,110.39,10,35,10,2,1,665,110.39,10,1
CUST_0269,54,1,3,2023-02-01,440.14,17,11,6,3,0,684,440.14,17,0
CUST_0270,49,1,2,2023-07-26,441.0,4,34,28,4,1,509,441.0,4,1
CUST_0271,26,1,0,2023-06-23,436.58,16,16,3,2,1,542,436.58,16,1
CUST_0272,58,0,0,2023-02-25,127.01,15,9,24,0,0,660,127.01,15,0
CUST_0273,52,1,4,2023-05-08,231.11,5,32,11,1,1,588,231.11,5,1
CUST_0274,36,1,3,2023-04-09,492.49150000000003,6,15,25,1,0,617,492.64,6,0
CUST_0275,33,0,0,2023-04-08,388.29,17,12,5,0,0,618,388.29,17,0
CUST_0276,20,0,2,2023-10-02,23.31,1,33,13,1,0,441,23.31,1,0
CUST_0277,37,0,4,2023-08-18,41.95,19,45,11,1,1,486,41.95,19,1
CUST_0278,41,1,3,2023-03-13,237.33,4,14,10,0,0,644,237.33,4,0
CUST_0279,50,1,1,2023-08-05,455.52,17,8,18,0,0,499,455.52,17,0
CUST_0280,41,0,2,2023-04-04,273.96,9,8,20,2,1,622,273.96,9,1
CUST_0281,28,0,0,2023-05-23,253.93,2,27,4,2,0,573,253.93,2,0
CUST_0282,25,0,0,2023-08-25,61.68,8,12,13,0,0,479,61.68,8,0
CUST_0283,53,0,2,2023-05-08,331.82,15,1,20,3,1,588,331.82,15,1
CUST_0284,55,0,0,2023-02-08,412.83,7,43,23,1,1,677,412.83,7,1
CUST_0285,57,0,4,2023-08-15,196.41,6,40,15,2,1,489,196.41,6,1
CUST_0286,37,1,3,2023-10-09,390.05,1,42,24,1,1,434,390.05,1,1
CUST_0287,52,1,4,2023-02-20,482.59,15,11,12,4,0,665,482.59,15,0
CUST_0288,42,1,0,2023-01-26,109.85,7,39,24,0,1,690,109.85,7,1
CUST_0289,52,0,1,2023-11-30,266.43,17,43,28,3,0,382,266.43,17,0
CUST_0290,42,0,3,2023-10-04,150.7,2,31,21,4,0,439,150.7,2,0
CUST_0291,46,0,3,2023-01-08,398.5,9,17,21,4,0,708,398.5,9,0
CUST_0292,35,0,2,2023-02-17,293.02,9,33,24,4,0,668,293.02,9,0
CUST_0293,63,0,2,2023-05-02,320.95,13,32,19,0,1,594,320.95,13,1
CUST_0294,35,0,1,2023-03-27,400.98,6,29,21,2,1,630,400.98,6,1
CUST_0295,19,1,3,2023-07-28,204.03,6,21,3,0,0,507,204.03,6,0
CUST_0296,52,1,1,2023-09-06,458.39,3,21,10,2,0,467,458.39,3,0
CUST_0297,33,0,2,2023-09-04,271.18,17,40,16,4,0,469,271.18,17,0
CUST_0298,58,1,2,2023-04-20,87.4,17,23,6,4,1,606,87.4,17,1
CUST_0299,53,0,3,2023-07-25,350.99,12,6,13,3,1,510,350.99,12,0
CUST_0300,50,1,4,2023-01-31,398.7,16,22,25,2,0,685,398.7,16,0
CUST_0301,21,0,0,2023-03-26,165.21,15,38,10,4,0,631,165.21,15,0
CUST_0302,50,0,2,2023-07-14,430.02,13,37,27,1,0,521,430.02,13,0
CUST_0303,31,1,2,2023-01-02,454.01,1,45,21,3,0,714,454.01,1,0
CUST_0304,38,1,4,2023-07-19,145.68,17,8,8,0,1,516,145.68,17,1
CUST_0305,37,0,4,2023-05-16,491.93,3,41,22,3,0,580,491.93,3,0
CUST_0306,25,0,1,2023-08-21,78.95,15,49,12,1,0,483,78.95,15,0
CUST_0307,24,1,1,2023-05-27,108.99,4,35,22,2,0,569,108.99,4,0
CUST_0308,20,1,0,2023-08-05,100.27,4,11,17,0,0,499,100.27,4,0
CUST_0309,34,0,0,2023-12-23,448.05,18,24,27,0,1,359,448.05,18,1
CUST_0310,50,1,3,2023-10-12,330.6,17,49,10,2,0,431,330.6,17,0
CUST_0311,29,0,1,2023-12-05,84.53,19,21,14,3,0,377,84.53,19,0
CUST_0312,39,0,2,2023-09-07,225.76,11,2,24,4,0,466,225.76,11,0
CUST_0313,39,0,1,2023-03-21,311.5,3,40,25,3,0,636,311.5,3,0
CUST_0314,63,0,2,2023-04-08,50.9,8,19,24,1,0,618,50.9,8,0
CUST_0315,47,1,4,2023-06-01,442.38,14,39,21,4,1,564,442.38,14,0
CUST_0316,55,1,1,2023-04-22,403.77,1,28,28,3,0,604,403.77,1,0
CUST_0317,55,1,4,2023-01-30,257.55,14,17,18,2,0,686,257.55,14,0
CUST_0318,62,1,0,2023-10-24,483.89,2,6,0,1,0,419,483.89,2,0
CUST_0319,25,1,0,2023-10-05,214.7,4,19,3,1,0,438,214.7,4,0
CUST_0320,44,1,3,2023-02-01,492.21,19,38,13,1,0,684,492.21,19,0
CUST_0321,44,1,1,2023-06-10,337.28,6,28,13,4,0,555,337.28,6,0
CUST_0322,51,0,4,2023-01-30,320.99,1,2,2,0,1,686,320.99,1,0
CUST_0323,38,1,2,2023-01-26,91.32,17,38,29,4,1,690,91.32,17,1
CUST_0324,47,1,0,2023-10-27,442.14,8,37,27,3,0,416,442.14,8,0
CUST_0325,50,0,0,2023-09-02,219.47,19,4,16,0,0,471,219.47,19,0
CUST_0326,45,1,2,2023-09-15,89.49,1,22,2,3,0,458,89.49,1,0
CUST_0327,64,1,4,2023-09-29,16.18,5,26,15,0,0,444,16.18,5,1
CUST_0328,50,0,4,2023-03-22,284.28,16,49,13,4,1,635,284.28,16,1
CUST_0329,22,1,1,2023-01-30,268.43,6,43,29,1,0,686,268.43,6,0
CUST_0330,36,1,1,2023-09-18,362.48,8,36,19,2,0,455,362.48,8,0
CUST_0331,21,1,3,2023-02-11,446.23,13,13,28,1,1,674,446.23,13,1
CUST_0332,52,0,0,2023-04-06,48.91,16,32,12,4,1,620,48.91,16,1
CUST_0333,34,1,1,2023-02-05,368.43,3,17,14,0,0,680,368.43,3,0
CUST_0334,61,1,4,2023-11-01,101.83,19,41,13,1,0,411,101.83,19,0
CUST_0335,45,0,2,2023-02-04,430.51,12,36,23,4,0,681,430.51,12,0
CUST_0336,47,1,4,2023-12-12,411.34,16,46,24,3,0,370,411.34,16,0
CUST_0337,46,0,0,2023-05-01,274.99,11,19,18,2,1,595,274.99,11,1
CUST_0338,63,0,4,2023-07-26,358.02,10,35,5,1,1,509,358.02,10,1
CUST_0339,23,1,3,2023-03-03,164.03,4,46,9,0,1,654,164.03,4,0
CUST_0340,52,0,0,2023-10-19,240.87,12,40,26,3,0,424,240.87,12,0
CUST_0341,58,0,2,2023-05-07,412.6,2,28,14,4,1,589,412.6,2,1
CUST_0342,54,1,3,2023-10-24,235.04,19,1,20,2,0,419,235.04,19,0
CUST_0343,41,0,0,2023-11-01,185.32,5,42,21,0,0,411,185.32,5,0
CUST_0344,46,0,2,2023-01-21,252.16,8,18,19,4,0,695,252.16,8,0
CUST_0345,63,1,3,2023-11-14,415.84,7,48,25,4,0,398,415.84,7,0
CUST_0346,48,1,3,2023-02-11,174.25,14,40,5,1,1,674,174.25,14,1
CUST_0347,52,1,0,2023-08-03,95.14,3,33,22,1,0,501,95.14,3,0
CUST_0348,50,0,1,2023-12-03,358.89,18,12,24,0,0,379,358.89,18,0
CUST_0349,38,1,3,2023-10-26,414.73,16,8,9,4,0,417,414.73,16,0
CUST_0350,49,0,3,2023-10-17,59.31,19,24,6,1,0,426,59.31,19,0
CUST_0351,40,0,2,2023-09-25,127.54,19,16,21,2,0,448,127.54,19,0
CUST_0352,50,0,4,2023-06-11,79.57,18,4,16,2,0,554,79.57,18,0
CUST_0353,20,0,0,2023-05-14,180.49,16,38,17,4,1,582,180.49,16,0
CUST_0354,35,0,0,2023-04-15,230.67,8,44,16,1,0,611,230.67,8,0
CUST_0355,42,0,1,2023-12-09,376.92,1,27,8,0,0,373,376.92,1,0
CUST_0356,59,0,1,2023-06-10,329.06,17,9,9,0,0,555,329.06,17,0
CUST_0357,48,1,0,2023-05-03,314.25,12,47,9,0,1,593,314.25,12,1
CUST_0358,20,1,1,2023-05-16,182.66,11,16,24,2,0,580,182.66,11,0
CUST_0359,57,0,2,2023-07-22,422.31,5,12,6,1,0,513,422.31,5,0
CUST_0360,63,0,0,2023-03-09,240.93,12,31,15,1,0,648,240.93,12,0
CUST_0361,41,1,1,2023-12-10,489.76,17,24,28,2,0,372,489.76,17,0
CUST_0362,49,0,0,2023-11-27,320.73,6,14,17,0,0,385,320.73,6,0
CUST_0363,64,1,4,2023-06-03,71.87,1,45,5,0,1,562,71.87,1,1
CUST_0364,39,1,3,2023-08-23,341.33,5,25,26,4,0,481,341.33,5,0
CUST_0365,40,1,0,2023-06-11,169.3,14,34,19,3,0,554,169.3,14,0
CUST_0366,19,0,3,2023-02-07,346.3,5,3,0,1,1,678,346.3,5,1
CUST_0367,44,0,1,2023-01-05,44.12,1,24,0,1,0,711,44.12,1,0
CUST_0368,59,1,3,2023-08-23,95.69,18,42,11,1,0,481,95.69,18,0
CUST_0369,19,1,0,2023-11-15,429.31,16,9,20,3,0,397,429.31,16,0
CUST_0370,43,1,4,2023-10-16,121.32,9,26,27,4,0,427,121.32,9,0
CUST_0371,34,1,1,2023-02-21,420.15,19,20,1,3,0,664,420.15,19,0
CUST_0372,57,1,0,2023-02-07,146.85,5,40,3,0,0,678,146.85,5,0
CUST_0373,50,0,1,2023-10-03,325.01,2,10,16,0,1,440,325.01,2,1
CUST_0374,26,1,2,2023-04-20,350.13,15,19,3,1,1,606,350.13,15,1
CUST_0375,60,0,3,2023-09-17,261.2,7,3,10,2,0,456,261.2,7,0
CUST_0376,56,1,2,2023-05-16,159.6,4,24,21,1,0,580,159.6,4,0
CUST_0377,46,0,0,2023-03-09,114.2,1,5,25,2,0,648,114.2,1,0
CUST_0378,59,0,4,2023-06-28,26.26,13,3,3,3,1,537,26.26,13,1
CUST_0379,43,0,1,2023-02-05,158.93,7,27,0,0,0,680,158.93,7,0
CUST_0380,52,0,3,2023-05-06,330.05,15,16,6,2,0,590,330.05,15,0
CUST_0381,42,0,1,2023-07-09,469.77,14,49,29,3,1,526,469.77,14,1
CUST_0382,41,0,0,2023-05-26,436.89,19,15,17,0,1,570,436.89,19,0
CUST_0383,30,1,1,2023-03-22,385.37,18,35,8,2,1,635,385.37,18,1
CUST_0384,24,0,3,2023-08-13,396.34,10,12,28,1,0,491,396.34,10,0
CUST_0385,53,1,0,2023-10-06,335.84,9,41,2,1,1,437,335.84,9,1
CUST_0386,62,0,1,2023-12-27,137.54,8,44,7,1,1,355,137.54,8,1
CUST_0387,37,0,4,2023-06-04,454.53,10,26,28,3,0,561,454.53,10,0
CUST_0388,18,1,0,2023-11-10,338.66,17,47,23,1,0,402,338.66,17,0
CUST_0389,25,0,0,2023-12-01,284.62,2,34,18,4,0,381,284.62,2,0
CUST_0390,63,1,4,2023-09-28,64.38,6,23,3,0,1,445,64.38,6,1
CUST_0391,33,1,2,2023-01-05,229.06,5,31,17,3,0,711,229.06,5,0
CUST_0392,31,1,3,2023-12-08,235.58,9,20,19,1,0,374,235.58,9,0
CUST_0393,29,1,2,2023-10-11,433.64,5,12,26,0,0,432,433.64,5,0
CUST_0394,40,0,1,2023-06-03,277.86,18,23,10,2,1,562,277.86,18,1
CUST_0395,32,0,4,2023-12-06,196.4,9,4,26,1,0,376,196.4,9,0
CUST_0396,45,1,2,2023-02-23,488.63,17,23,13,0,0,662,488.63,17,0
CUST_0397,51,0,0,2023-03-10,64.25,17,48,24,4,0,647,64.25,17,0
CUST_0398,19,0,1,2023-05-16,217.05,12,48,17,2,1,580,217.05,12,1
CUST_0399,49,1,1,2023-03-01,30.59,7,1,27,4,0,656,30.59,7,0
CUST_0400,40,0,2,2023-02-24,372.55,3,25,27,0,0,661,372.55,3,0
CUST_0401,39,1,2,2023-10-11,459.86,10,2,28,4,1,432,459.86,10,1
CUST_0402,42,1,4,2023-03-21,147.22,2,30,15,0,0,636,147.22,2,0
CUST_0403,39,0,3,2023-05-20,430.59,3,3,2,0,1,576,430.59,3,1
CUST_0404,39,0,2,2023-05-25,153.19,16,21,14,4,0,571,153.19,16,0
CUST_0405,59,0,2,2023-11-06,456.28,2,25,26,0,0,406,456.28,2,0
CUST_0406,23,1,0,2023-04-18,379.44,10,20,26,1,0,608,379.44,10,1
CUST_0407,32,1,1,2023-06-25,404.4,6,49,3,0,0,540,404.4,6,0
CUST_0408,60,0,3,2023-04-15,18.82,11,22,4,3,0,611,18.82,11,0
CUST_0409,54,0,0,2023-12-18,481.78,7,21,16,0,0,364,481.78,7,0
CUST_0410,50,0,4,2023-11-21,366.07,15,33,6,3,1,391,366.07,15,1
CUST_0411,25,0,4,2023-05-16,159.33,6,38,15,0,0,580,159.33,6,0
CUST_0412,61,1,2,2023-09-16,416.4,9,15,13,0,0,457,416.4,9,0
CUST_0413,61,0,2,2023-09-08,147.95,12,46,25,4,0,465,147.95,12,0
CUST_0414,22,1,4,2023-05-09,437.65,19,15,15,1,1,587,437.65,19,1
CUST_0415,56,1,2,2023-01-27,65.16,3,46,6,1,0,689,65.16,3,0
CUST_0416,21,0,3,2023-02-17,354.81,15,25,8,2,0,668,354.81,15,0
CUST_0417,23,0,2,2023-11-21,274.94,2,21,3,4,0,391,274.94,2,0
CUST_0418,62,0,1,2023-08-05,57.3,2,24,29,4,0,499,57.3,2,0
CUST_0419,49,1,2,2023-05-22,128.53,3,5,29,1,0,574,128.53,3,0
CUST_0420,47,0,0,2023-01-23,16.08,6,6,21,4,1,693,16.08,6,1
CUST_0421,64,0,3,2023-01-02,239.7,15,49,10,1,0,714,239.7,15,0
CUST_0422,52,1,0,2023-06-20,157.62,10,43,1,4,1,545,157.62,10,1
CUST_0423,57,0,0,2023-03-08,303.2,9,48,11,0,0,649,303.2,9,0
CUST_0424,33,1,1,2023-11-23,155.65,1,44,11,1,0,389,155.65,1,0
CUST_0425,30,0,3,2023-05-15,156.96,16,47,29,1,1,581,156.96,16,1
CUST_0426,59,1,3,2023-03-24,374.16,6,23,3,3,0,633,374.16,6,0
CUST_0427,47,0,3,2023-08-15,33.59,9,4,17,4,1,489,33.59,9,1
CUST_0428,36,0,3,2023-10-10,452.42,4,27,25,4,0,433,452.42,4,0
CUST_0429,34,1,3,2023-12-28,427.61,2,18,20,1,1,354,427.61,2,0
CUST_0430,36,1,1,2023-08-07,337.22,4,21,6,0,0,497,337.22,4,0
CUST_0431,45,0,2,2023-10-15,300.68,1,28,28,0,0,428,300.68,1,0
CUST_0432,43,1,0,2023-01-05,447.23,19,35,0,0,0,711,447.23,19,0
CUST_0433,54,1,3,2023-02-27,100.81,10,22,25,4,0,658,100.81,10,0
CUST_0434,43,1,2,2023-02-08,48.69,15,40,25,3,0,677,48.69,15,0
CUST_0435,40,1,2,2023-12-20,127.36,19,23,22,1,0,362,127.36,19,0
CUST_0436,26,0,0,2023-03-18,399.34,16,3,25,2,0,639,399.34,16,0
CUST_0437,29,0,1,2023-10-07,26.99,4,40,12,3,0,436,26.99,4,0
CUST_0438,18,1,4,2023-01-19,295.58,2,10,5,2,1,697,295.58,2,1
CUST_0439,18,1,4,2023-07-09,492.49150000000003,13,25,5,3,0,526,497.76,13,0
CUST_0440,64,1,2,2023-10-26,429.29,1,49,11,0,0,417,429.29,1,0
CUST_0441,51,1,0,2023-10-10,265.51,17,8,7,4,0,433,265.51,17,0
CUST_0442,49,0,4,2023-03-17,41.18,13,11,23,2,0,640,41.18,13,0
CUST_0443,42,0,2,2023-08-09,417.37,4,5,21,3,0,495,417.37,4,0
CUST_0444,57,1,1,2023-03-07,303.5,7,45,18,4,0,650,303.5,7,0
CUST_0445,62,1,4,2023-01-22,66.32,17,37,4,2,1,694,66.32,17,0
CUST_0446,18,1,2,2023-06-07,55.99,9,45,17,1,1,558,55.99,9,1
CUST_0447,33,0,2,2023-07-06,455.72,4,38,29,3,0,529,455.72,4,0
CUST_0448,56,1,3,2023-01-21,337.91,19,29,4,1,0,695,337.91,19,0
CUST_0449,22,0,1,2023-07-03,416.35,1,5,29,0,0,532,416.35,1,0
CUST_0450,39,1,3,2023-04-18,440.7,10,9,24,1,0,608,440.7,10,0
CUST_0451,46,0,0,2023-12-16,290.17,4,48,9,1,0,366,290.17,4,0
CUST_0452,20,1,3,2023-05-08,263.55,9,2,0,3,0,588,263.55,9,0
CUST_0453,29,0,3,2023-12-08,220.91,13,1,9,0,0,374,220.91,13,0
CUST_0454,43,1,4,2023-02-22,165.3,14,40,4,1,0,663,165.3,14,1
CUST_0455,33,1,2,2023-07-01,222.95,10,30,11,4,0,534,222.95,10,0
CUST_0456,54,1,1,2023-10-14,389.2,6,11,21,2,1,429,389.2,6,1
CUST_0457,39,0,3,2023-07-28,304.94,16,28,29,1,0,507,304.94,16,0
CUST_0458,46,1,1,2023-11-14,447.34,6,44,26,0,1,398,447.34,6,1
CUST_0459,31,0,3,2023-03-21,227.26,17,12,6,1,1,636,227.26,17,1
CUST_0460,45,0,0,2023-05-02,307.47,10,39,8,2,0,594,307.47,10,0
CUST_0461,22,1,3,2023-03-25,319.34,18,26,21,0,0,632,319.34,18,0
CUST_0462,64,1,4,2023-04-01,299.93,18,13,20,3,0,625,299.93,18,0
CUST_0463,47,1,2,2023-07-31,354.29,3,8,11,0,1,504,354.29,3,0
CUST_0464,63,0,0,2023-01-13,126.34,15,28,22,3,1,703,126.34,15,1
CUST_0465,22,1,3,2023-04-02,261.06,15,30,28,0,0,624,261.06,15,0
CUST_0466,29,0,1,2023-06-20,61.07,4,9,0,2,0,545,61.07,4,0
CUST_0467,33,0,0,2023-07-30,198.41,9,39,10,2,1,505,198.41,9,1
CUST_0468,43,1,0,2023-12-09,248.96,19,31,29,0,0,373,248.96,19,0
CUST_0469,43,1,3,2023-05-08,329.59,17,21,20,1,1,588,329.59,17,1
CUST_0470,38,1,0,2023-05-17,475.76,11,47,14,2,1,579,475.76,11,1
CUST_0471,56,1,1,2023-03-23,304.32,9,34,1,3,0,634,304.32,9,0
CUST_0472,53,1,0,2023-12-26,374.36,10,31,19,3,0,356,374.36,10,0
CUST_0473,50,1,1,2023-02-25,258.07,18,25,6,4,0,660,258.07,18,0
CUST_0474,47,0,3,2023-07-15,320.71,13,12,20,3,0,520,320.71,13,0
CUST_0475,54,0,2,2023-01-20,44.76,8,1,11,4,0,696,44.76,8,0
CUST_0476,40,0,0,2023-08-29,134.65,7,22,21,0,1,475,134.65,7,1
CUST_0477,27,1,2,2023-04-24,187.31,17,40,17,0,1,602,187.31,17,1
CUST_0478,22,0,1,2023-04-13,241.52,15,37,2,0,1,613,241.52,15,1
CUST_0479,53,0,0,2023-08-24,32.37,15,47,6,1,0,480,32.37,15,0
CUST_0480,51,0,4,2023-06-29,78.61,1,1,10,1,1,536,78.61,1,1
CUST_0481,48,0,2,2023-06-06,145.64,14,1,17,4,1,559,145.64,14,1
CUST_0482,27,0,0,2023-04-27,486.05,5,42,11,3,0,599,486.05,5,0
CUST_0483,36,1,2,2023-04-25,172.36,11,42,5,3,0,601,172.36,11,0
CUST_0484,49,1,0,2023-01-13,246.2,16,21,4,0,0,703,246.2,16,0
CUST_0485,18,0,3,2023-12-04,106.09,2,15,25,2,1,378,106.09,2,1
CUST_0486,22,0,2,2023-04-09,309.28,8,17,0,1,0,617,309.28,8,0
CUST_0487,62,0,4,2023-07-24,147.53,11,22,11,1,1,511,147.53,11,0
CUST_0488,21,1,4,2023-06-18,111.43,18,38,26,0,0,547,111.43,18,0
CUST_0489,33,1,1,2023-05-23,263.12,3,35,25,1,1,573,263.12,3,1
CUST_0490,41,0,0,2023-02-05,12.7,1,45,10,0,0,680,12.7,1,0
CUST_0491,33,1,2,2023-05-23,13.76,11,16,3,4,0,573,13.76,11,0
CUST_0492,19,1,1,2023-06-29,117.34,16,8,26,3,0,536,117.34,16,0
CUST_0493,45,0,2,2023-11-25,27.99,18,47,17,2,0,387,27.99,18,0
CUST_0494,49,1,0,2023-09-18,62.93,16,17,3,3,1,455,62.93,16,0
CUST_0495,44,1,4,2023-07-24,176.04,10,17,16,3,0,511,176.04,10,0
CUST_0496,37,0,3,2023-12-14,403.27,18,26,1,4,0,368,403.27,18,0
CUST_0497,41,1,4,2023-10-02,290.3,6,13,28,1,0,441,290.3,6,0
CUST_0498,29,1,1,2023-06-19,261.21,19,17,23,2,0,546,261.21,19,0
CUST_0499,52,0,3,2023-01-15,153.81,4,38,21,1,0,701,153.81,4,0
CUST_0500,50,1,1,2023-03-01,466.56,13,17,1,3,0,656,466.56,13,0
CUST_0501,50,1,0,2023-05-14,204.54,14,48,11,0,1,582,204.54,14,1
CUST_0502,60,0,3,2023-04-02,52.68,3,14,5,3,0,624,52.68,3,0
CUST_0503,54,0,1,2023-10-25,312.36,10,45,9,1,1,418,312.36,10,1
CUST_0504,29,0,0,2023-05-16,65.78,6,6,24,3,1,580,65.78,6,1
CUST_0505,20,1,4,2023-01-20,179.16,1,35,22,0,0,696,179.16,1,0
CUST_0506,18,0,0,2023-02-25,258.63,14,46,24,4,0,660,258.63,14,0
CUST_0507,50,1,2,2023-11-02,438.37,8,14,20,1,0,410,438.37,8,0
CUST_0508,57,0,0,2023-08-11,251.84,19,47,22,3,1,493,251.84,19,1
CUST_0509,27,1,0,2023-06-26,354.11,14,8,26,1,1,539,354.11,14,1
CUST_0510,60,0,2,2023-06-10,492.49150000000003,10,15,15,4,0,555,496.48,10,0
CUST_0511,61,0,1,2023-08-12,74.43,17,27,13,3,1,492,74.43,17,1
CUST_0512,46,0,1,2023-11-07,144.62,9,13,6,3,0,405,144.62,9,0
CUST_0513,30,0,0,2023-09-19,203.34,6,49,27,1,1,454,203.34,6,0
CUST_0514,29,1,2,2023-03-01,216.7,11,31,27,1,1,656,216.7,11,0
CUST_0515,48,0,2,2023-07-17,211.4,7,35,18,0,0,518,211.4,7,0
CUST_0516,63,0,4,2023-10-23,454.73,17,6,22,4,0,420,454.73,17,0
CUST_0517,19,1,1,2023-04-08,359.88,1,5,16,0,0,618,359.88,1,0
CUST_0518,52,0,3,2023-05-11,307.87,5,22,8,3,0,585,307.87,5,0
CUST_0519,40,1,1,2023-01-23,161.59,9,49,25,1,1,693,161.59,9,0
CUST_0520,34,0,1,2023-12-29,413.66,18,23,12,3,0,353,413.66,18,0
CUST_0521,43,0,4,2023-08-12,477.98,2,25,21,3,0,492,477.98,2,0
CUST_0522,25,0,3,2023-01-01,412.39,11,34,4,2,0,715,412.39,11,0
CUST_0523,46,1,4,2023-09-24,10.77,6,26,22,2,1,449,10.77,6,0
CUST_0524,43,0,3,2023-10-03,321.84,8,47,4,3,0,440,321.84,8,0
CUST_0525,27,0,0,2023-12-18,35.06,4,5,9,1,0,364,35.06,4,0
CUST_0526,43,0,3,2023-12-10,136.23,18,26,20,3,0,372,136.23,18,0
CUST_0527,51,1,4,2023-04-11,39.17,11,20,26,2,1,615,39.17,11,1
CUST_0528,58,1,1,2023-07-06,305.86,5,6,9,1,1,529,305.86,5,1
CUST_0529,24,0,3,2023-08-09,346.43,15,6,26,3,0,495,346.43,15,0
CUST_0530,21,1,3,2023-02-05,66.1,18,18,6,4,0,680,66.1,18,0
CUST_0531,62,0,2,2023-12-07,198.08,2,4,25,4,0,375,198.08,2,0
CUST_0532,28,0,1,2023-06-19,233.56,11,17,14,3,0,546,233.56,11,0
CUST_0533,46,0,0,2023-11-16,190.84,13,14,6,1,0,396,190.84,13,0
CUST_0534,53,0,4,2023-06-10,69.3,4,14,28,3,1,555,69.3,4,0
CUST_0535,42,0,0,2023-12-06,215.28,7,13,26,3,0,376,215.28,7,0
CUST_0536,38,0,1,2023-03-05,378.08,11,7,14,2,1,652,378.08,11,1
CUST_0537,53,0,3,2023-06-03,44.79,4,44,2,4,0,562,44.79,4,0
CUST_0538,27,1,3,2023-09-17,49.29,15,15,18,2,1,456,49.29,15,1
CUST_0539,54,1,1,2023-06-08,183.84,1,19,9,2,1,557,183.84,1,1
CUST_0540,26,1,3,2023-12-08,471.45,3,43,27,3,0,374,471.45,3,0
CUST_0541,41,1,3,2023-07-29,337.6,14,47,28,2,0,506,337.6,14,0
CUST_0542,52,1,3,2023-06-17,342.55,6,44,14,4,0,548,342.55,6,0
CUST_0543,52,1,4,2023-07-26,187.34,18,35,2,2,0,509,187.34,18,0
CUST_0544,53,1,4,2023-12-23,300.89,1,17,5,4,0,359,300.89,1,0
CUST_0545,35,0,2,2023-06-01,14.96,6,35,11,2,0,564,14.96,6,0
CUST_0546,56,0,0,2023-10-11,321.69,6,19,14,4,1,432,321.69,6,0
CUST_0547,49,0,1,2023-03-07,457.51,16,20,5,2,0,650,457.51,16,0
CUST_0548,41,0,1,2023-04-09,310.16,5,36,12,2,1,617,310.16,5,1
CUST_0549,40,1,1,2023-08-04,438.11,17,35,28,1,0,500,438.11,17,0
CUST_0550,49,1,2,2023-12-07,364.75,10,32,18,4,1,375,364.75,10,0
CUST_0551,54,0,4,2023-07-14,69.07,18,48,2,4,0,521,69.07,18,0
CUST_0552,29,0,2,2023-12-13,452.2,7,44,7,4,1,369,452.2,7,1
CUST_0553,30,1,1,2023-03-31,42.56,3,40,7,0,0,626,42.56,3,0
CUST_0554,40,0,0,2023-11-12,271.64,13,24,22,2,0,400,271.64,13,0
CUST_0555,42,0,3,2023-10-19,79.65,15,17,25,4,0,424,79.65,15,0
CUST_0556,52,0,4,2023-06-04,15.74,19,7,19,0,0,561,15.74,19,0
CUST_0557,58,0,4,2023-07-27,216.8,3,43,14,1,0,508,216.8,3,0
CUST_0558,47,1,2,2023-10-08,154.57,4,1,3,4,0,435,154.57,4,0
CUST_0559,34,0,4,2023-01-01,248.14,5,35,18,4,0,715,248.14,5,0
CUST_0560,37,0,1,2023-06-05,292.83,1,32,20,0,1,560,292.83,1,1
CUST_0561,42,1,1,2023-05-27,31.43,4,36,2,2,0,569,31.43,4,0
CUST_0562,39,1,2,2023-04-18,70.27,12,13,12,1,0,608,70.27,12,0
CUST_0563,30,0,1,2023-08-09,283.73,10,6,7,4,1,495,283.73,10,1
CUST_0564,36,1,0,2023-10-24,178.15,13,14,22,2,0,419,178.15,13,0
CUST_0565,53,0,2,2023-11-07,367.3,14,37,15,1,0,405,367.3,14,0
CUST_0566,29,0,0,2023-12-02,329.62,5,48,12,3,0,380,329.62,5,0
CUST_0567,58,1,3,2023-06-14,424.35,4,15,2,3,1,551,424.35,4,1
CUST_0568,36,0,0,2023-08-27,349.32,14,47,15,1,1,477,349.32,14,1
CUST_0569,29,0,3,2023-08-15,220.67,10,4,8,0,1,489,220.67,10,1
CUST_0570,26,0,3,2023-08-15,339.75,17,40,27,1,0,489,339.75,17,0
CUST_0571,24,0,0,2023-12-12,144.94,10,16,13,1,1,370,144.94,10,0
CUST_0572,45,1,2,2023-04-20,160.09,7,28,12,0,0,606,160.09,7,0
CUST_0573,31,1,1,2023-09-19,396.6,16,16,20,0,0,454,396.6,16,0
CUST_0574,48,0,1,2023-08-31,228.75,1,4,24,2,0,473,228.75,1,0
CUST_0575,36,1,3,2023-03-28,401.21,17,45,6,2,0,629,401.21,17,0
CUST_0576,64,0,3,2023-12-04,412.99,9,26,14,0,0,378,412.99,9,0
CUST_0577,33,0,2,2023-02-13,430.21,6,28,6,3,0,672,430.21,6,0
CUST_0578,22,0,4,2023-05-26,459.15,19,32,5,3,0,570,459.15,19,0
CUST_0579,52,0,0,2023-09-21,221.18,13,45,1,1,0,452,221.18,13,0
CUST_0580,29,0,3,2023-12-06,166.24,3,2,8,4,1,376,166.24,3,1
CUST_0581,42,1,1,2023-11-21,295.28,7,31,21,1,0,391,295.28,7,0
CUST_0582,38,0,2,2023-11-14,191.87,9,3,23,1,1,398,191.87,9,1
CUST_0583,53,1,0,2023-06-21,304.53,5,8,16,4,0,544,304.53,5,0
CUST_0584,40,1,2,2023-02-17,355.74,10,24,4,0,1,668,355.74,10,0
CUST_0585,33,0,0,2023-05-01,347.32,17,15,11,3,0,595,347.32,17,0
CUST_0586,56,0,0,2023-12-11,193.53,12,43,0,1,0,371,193.53,12,0
CUST_0587,62,0,3,2023-06-08,91.76,16,31,9,4,0,557,91.76,16,0
CUST_0588,59,0,2,2023-04-26,220.96,3,9,10,2,0,600,220.96,3,0
CUST_0589,56,0,2,2023-04-12,79.87,9,39,15,1,1,614,79.87,9,0
CUST_0590,31,1,1,2023-03-17,446.15,15,45,13,3,0,640,446.15,15,0
CUST_0591,48,0,1,2023-01-13,179.48,5,2,7,0,0,703,179.48,5,0
CUST_0592,22,0,3,2023-01-24,85.69,13,8,23,1,1,692,85.69,13,1
CUST_0593,52,1,3,2023-05-06,22.47,14,7,16,1,0,590,22.47,14,0
CUST_0594,40,1,4,2023-09-01,326.45,15,44,24,4,0,472,326.45,15,0
CUST_0595,46,0,1,2023-11-09,322.08,16,39,17,2,0,403,322.08,16,0
CUST_0596,60,1,0,2023-02-07,176.9,13,42,11,2,0,678,176.9,13,0
CUST_0597,28,0,2,2023-08-22,45.14,17,16,24,0,0,482,45.14,17,0
CUST_0598,35,1,3,2023-08-01,210.72,8,35,16,3,0,503,210.72,8,0
CUST_0599,64,1,2,2023-11-19,162.5,2,30,27,0,1,393,162.5,2,1
CUST_0600,29,0,2,2023-10-22,341.79,5,10,25,1,0,421,341.79,5,0
CUST_0601,26,1,4,2023-04-10,306.83,6,38,13,1,0,616,306.83,6,0
CUST_0602,27,1,1,2023-12-23,188.65,12,18,15,2,0,359,188.65,12,0
CUST_0603,61,1,3,2023-07-16,116.77,18,5,13,3,1,519,116.77,18,1
CUST_0604,34,1,2,2023-09-11,492.49150000000003,1,29,8,4,1,462,494.14,1,0
CUST_0605,55,1,3,2023-07-24,232.46,17,39,3,3,0,511,232.46,17,0
CUST_0606,24,1,0,2023-05-05,347.25,11,34,24,1,1,591,347.25,11,1
CUST_0607,63,0,4,2023-03-17,78.87,10,43,22,4,0,640,78.87,10,0
CUST_0608,30,0,0,2023-12-02,247.94,19,45,10,3,0,380,247.94,19,0
CUST_0609,57,1,3,2023-12-19,23.49,14,23,5,3,0,363,23.49,14,0
CUST_0610,59,0,3,2023-01-03,257.67,10,5,14,4,0,713,257.67,10,0
CUST_0611,26,0,1,2023-02-24,482.37,15,30,4,1,0,661,482.37,15,0
CUST_0612,44,0,2,2023-08-06,198.26,19,6,10,3,1,498,198.26,19,1
CUST_0613,19,1,2,2023-04-23,29.11,4,46,24,4,0,603,29.11,4,0
CUST_0614,22,0,0,2023-04-01,25.17,2,44,17,1,1,625,25.17,2,1
CUST_0615,46,1,4,2023-12-23,200.11,9,4,29,4,0,359,200.11,9,0
CUST_0616,54,0,2,2023-09-23,88.41,10,29,12,4,0,450,88.41,10,0
CUST_0617,55,1,1,2023-08-26,21.44,11,23,10,3,0,478,21.44,11,0
CUST_0618,36,1,0,2023-01-26,380.54,14,6,13,1,0,690,380.54,14,0
CUST_0619,25,0,0,2023-10-13,234.68,7,32,27,3,0,430,234.68,7,0
CUST_0620,62,0,1,2023-05-08,151.73,15,42,17,0,0,588,151.73,15,0
CUST_0621,18,1,4,2023-03-04,451.04,19,18,26,0,0,653,451.04,19,0
CUST_0622,39,0,1,2023-08-22,66.91,15,15,27,1,0,482,66.91,15,0
CUST_0623,34,0,4,2023-03-10,478.4,8,40,24,4,1,647,478.4,8,1
CUST_0624,24,0,1,2023-08-26,163.84,11,32,27,3,0,478,163.84,11,0
CUST_0625,42,1,1,2023-12-08,445.32,9,9,18,3,0,374,445.32,9,0
CUST_0626,62,1,3,2023-09-29,305.44,15,37,23,1,0,444,305.44,15,0
CUST_0627,21,0,0,2023-10-14,415.09,1,10,26,1,1,429,415.09,1,0
CUST_0628,53,0,1,2023-11-01,492.17,1,20,14,0,1,411,492.17,1,1
CUST_0629,23,0,1,2023-06-12,151.32,19,6,8,2,0,553,151.32,19,0
CUST_0630,48,1,2,2023-08-15,480.96,3,48,7,1,0,489,480.96,3,0
CUST_0631,36,1,0,2023-11-10,200.85,10,3,19,2,0,402,200.85,10,0
CUST_0632,61,0,2,2023-09-16,198.9,8,42,27,1,1,457,198.9,8,0
CUST_0633,56,0,0,2023-08-07,176.79,15,11,0,4,0,497,176.79,15,0
CUST_0634,44,0,2,2023-10-08,275.29,10,43,3,4,0,435,275.29,10,0
CUST_0635,27,0,1,2023-08-17,85.53,1,17,13,0,0,487,85.53,1,0
CUST_0636,43,0,1,2023-03-23,281.32,18,32,24,0,0,634,281.32,18,0
CUST_0637,36,0,3,2023-09-01,275.44,2,4,1,2,1,472,275.44,2,1
CUST_0638,56,1,2,2023-08-19,383.33,19,4,15,1,0,485,383.33,19,0
CUST_0639,20,0,4,2023-05-13,418.49,13,17,2,3,0,583,418.49,13,0
CUST_0640,62,1,3,2023-05-07,225.82,1,41,25,0,0,589,225.82,1,0
CUST_0641,30,0,2,2023-11-23,158.14,2,19,7,3,1,389,158.14,2,1
CUST_0642,45,0,2,2023-05-22,137.07,16,5,5,3,1,574,137.07,16,1
CUST_0643,37,1,3,2023-09-24,105.37,15,32,15,1,0,449,105.37,15,0
CUST_0644,45,1,1,2023-09-06,38.25,13,22,23,2,0,467,38.25,13,0
CUST_0645,25,1,2,2023-11-17,177.8,16,6,15,1,1,395,177.8,16,1
CUST_0646,58,1,1,2023-05-03,142.42,17,35,6,0,0,593,142.42,17,0
CUST_0647,56,0,3,2023-05-21,483.54,7,22,29,3,0,575,483.54,7,0
CUST_0648,18,1,1,2023-08-14,283.28,17,1,12,1,0,490,283.28,17,0
CUST_0649,20,0,0,2023-02-09,180.17,7,20,12,1,1,676,180.17,7,1
CUST_0650,30,1,4,2024-01-01,294.43,13,22,4,1,0,350,294.43,13,0
CUST_0651,45,0,2,2023-05-27,78.21,5,48,24,0,1,569,78.21,5,1
CUST_0652,42,0,4,2023-05-01,227.58,17,11,19,2,0,595,227.58,17,0
CUST_0653,50,0,1,2023-05-20,316.85,3,13,21,1,0,576,316.85,3,0
CUST_0654,55,0,2,2023-06-21,249.56,7,42,17,0,0,544,249.56,7,0
CUST_0655,23,0,1,2023-06-13,206.87,17,3,14,3,0,552,206.87,17,0
CUST_0656,61,0,0,2023-10-04,492.49150000000003,7,9,17,4,0,439,496.99,7,0
CUST_0657,62,1,3,2023-02-11,441.35,1,12,1,0,0,674,441.35,1,0
CUST_0658,49,0,2,2023-03-12,315.47,17,23,9,4,0,645,315.47,17,0
CUST_0659,62,1,0,2023-03-19,288.99,17,14,22,1,1,638,288.99,17,0
CUST_0660,64,1,0,2023-04-29,314.12,11,33,12,1,1,597,314.12,11,1
CUST_0661,38,0,2,2023-07-16,108.64,3,18,17,0,0,519,108.64,3,0
CUST_0662,33,1,1,2023-12-22,203.62,15,49,14,4,0,360,203.62,15,0
CUST_0663,38,0,0,2023-03-20,29.34,11,41,11,1,0,637,29.34,11,0
CUST_0664,28,1,4,2023-12-28,243.02,16,9,14,3,0,354,243.02,16,0
CUST_0665,54,0,0,2023-04-20,276.08,9,23,12,2,1,606,276.08,9,1
CUST_0666,53,1,1,2023-02-02,121.6,1,10,17,2,0,683,121.6,1,0
CUST_0667,52,0,1,2023-08-01,482.37,16,19,14,1,0,503,482.37,16,0
CUST_0668,36,0,4,2023-07-28,455.63,9,47,24,4,1,507,455.63,9,1
CUST_0669,37,0,0,2023-06-19,363.85,19,5,22,1,0,546,363.85,19,0
CUST_0670,35,0,1,2023-10-05,271.36,12,47,10,4,0,438,271.36,12,0
CUST_0671,64,1,2,2023-08-27,436.28,19,23,18,3,0,477,436.28,19,0
CUST_0672,58,0,3,2023-08-01,74.02,9,30,2,4,0,503,74.02,9,0
CUST_0673,31,1,3,2023-02-01,397.35,7,25,6,1,0,684,397.35,7,0
CUST_0674,32,1,3,2023-04-16,71.16,14,28,20,3,1,610,71.16,14,0
CUST_0675,48,1,0,2023-08-04,399.16,19,34,25,0,1,500,399.16,19,1
CUST_0676,18,0,4,2023-07-19,145.13,19,45,13,2,0,516,145.13,19,1
CUST_0677,20,1,1,2023-10-27,439.77,2,48,13,1,1,416,439.77,2,1
CUST_0678,33,1,2,2023-12-23,472.58,9,47,21,1,0,359,472.58,9,0
CUST_0679,40,1,2,2023-01-11,82.91,13,25,12,1,1,705,82.91,13,1
CUST_0680,28,0,0,2023-10-22,236.71,15,10,11,3,0,421,236.71,15,0
CUST_0681,29,0,3,2023-07-14,490.68,3,14,23,0,1,521,490.68,3,1
CUST_0682,27,1,0,2023-09-02,246.87,11,42,8,4,1,471,246.87,11,1
CUST_0683,49,0,4,2023-01-04,433.14,14,46,0,0,0,712,433.14,14,0
CUST_0684,33,0,4,2023-06-30,298.48,8,30,18,3,1,535,298.48,8,1
CUST_0685,25,1,1,2023-06-02,193.91,18,41,10,1,1,563,193.91,18,1
CUST_0686,55,1,1,2023-07-19,150.03,19,25,22,2,1,516,150.03,19,1
CUST_0687,29,0,4,2023-08-03,109.58,16,14,21,1,0,501,109.58,16,0
CUST_0688,41,1,4,2023-10-03,383.28,2,35,22,4,1,440,383.28,2,1
CUST_0689,45,0,4,2023-10-07,199.4,8,48,23,2,1,436,199.4,8,0
CUST_0690,25,0,0,2023-11-05,260.52,6,34,21,1,0,407,260.52,6,0
CUST_0691,45,0,4,2023-04-23,251.24,12,10,18,2,1,603,251.24,12,1
CUST_0692,53,0,2,2023-09-07,292.87,15,35,17,0,0,466,292.87,15,0
CUST_0693,43,0,3,2023-04-23,434.13,8,11,11,3,0,603,434.13,8,0
CUST_0694,25,0,4,2023-05-20,490.56,4,11,22,1,0,576,490.56,4,0
CUST_0695,45,1,3,2023-08-12,209.72,15,21,27,4,0,492,209.72,15,0
CUST_0696,45,1,0,2023-09-06,415.48,17,21,27,0,0,467,415.48,17,0
CUST_0697,54,0,3,2023-01-15,384.62,13,22,27,1,0,701,384.62,13,0
CUST_0698,58,0,0,2023-07-19,291.03,18,45,26,0,1,516,291.03,18,1
CUST_0699,53,0,2,2023-06-22,478.46,2,7,0,4,0,543,478.46,2,0
CUST_0700,44,1,0,2023-12-09,108.23,13,17,18,1,0,373,108.23,13,0
CUST_0701,34,0,0,2023-12-14,63.54,13,2,27,4,0,368,63.54,13,0
CUST_0702,26,1,1,2023-07-27,428.44,15,12,26,2,0,508,428.44,15,0
CUST_0703,50,0,4,2023-03-26,225.18,10,42,19,4,1,631,225.18,10,1
CUST_0704,37,0,4,2023-08-28,425.01,3,18,28,2,0,476,425.01,3,0
CUST_0705,30,1,2,2023-03-07,447.61,19,11,29,1,1,650,447.61,19,1
CUST_0706,45,1,2,2023-11-15,40.6,3,16,16,2,0,397,40.6,3,0
CUST_0707,46,0,4,2023-10-01,442.9,14,49,4,1,0,442,442.9,14,0
CUST_0708,30,0,1,2023-01-14,229.68,8,18,25,1,0,702,229.68,8,0
CUST_0709,63,0,4,2023-07-21,260.11,4,35,2,3,0,514,260.11,4,0
CUST_0710,52,1,1,2023-10-31,317.03,11,26,1,1,0,412,317.03,11,0
CUST_0711,23,1,2,2023-10-16,463.93,11,16,2,2,0,427,463.93,11,0
CUST_0712,35,1,3,2023-12-06,19.37,11,6,7,3,0,376,19.37,11,0
CUST_0713,22,1,2,2023-01-14,243.65,2,44,15,3,1,702,243.65,2,1
CUST_0714,64,1,2,2023-02-12,346.98,17,43,5,1,0,673,346.98,17,0
CUST_0715,42,1,0,2023-11-26,364.13,9,47,12,4,0,386,364.13,9,0
CUST_0716,19,0,0,2023-08-08,349.34,2,47,29,4,0,496,349.34,2,0
CUST_0717,27,0,0,2023-03-11,75.87,15,48,22,3,0,646,75.87,15,0
CUST_0718,47,1,0,2023-08-25,156.7,16,42,27,1,1,479,156.7,16,1
CUST_0719,62,0,1,2023-04-04,185.77,4,12,21,4,0,622,185.77,4,0
CUST_0720,22,0,4,2023-01-26,404.17,8,13,21,1,0,690,404.17,8,0
CUST_0721,50,1,3,2023-05-14,146.59,9,4,15,1,1,582,146.59,9,1
CUST_0722,18,0,2,2023-07-14,113.25,5,39,27,3,0,521,113.25,5,0
CUST_0723,35,1,1,2023-06-17,479.15,16,2,15,3,0,548,479.15,16,0
CUST_0724,49,1,3,2023-04-19,14.34,13,26,2,0,0,607,14.34,13,0
CUST_0725,64,0,1,2023-08-21,492.49150000000003,7,27,27,4,0,483,498.93,7,0
CUST_0726,28,1,1,2023-06-17,341.64,17,27,12,4,1,548,341.64,17,1
CUST_0727,38,1,2,2023-06-22,415.95,3,15,13,4,1,543,415.95,3,1
CUST_0728,43,1,4,2023-07-14,154.36,5,8,7,2,1,521,154.36,5,1
CUST_0729,42,1,0,2023-05-23,17.01,19,7,11,1,0,573,17.01,19,0
CUST_0730,39,1,4,2023-08-04,371.56,12,47,22,3,0,500,371.56,12,0
CUST_0731,44,1,2,2023-05-10,418.73,7,46,22,4,1,586,418.73,7,1
CUST_0732,30,1,2,2023-02-11,372.83,9,40,21,0,0,674,372.83,9,0
CUST_0733,50,1,2,2023-08-29,80.0,6,12,20,4,0,475,80.0,6,0
CUST_0734,51,0,3,2023-01-10,379.18,17,13,25,1,0,706,379.18,17,0
CUST_0735,58,0,4,2023-10-04,386.77,16,43,7,1,0,439,386.77,16,0
CUST_0736,52,0,4,2023-01-27,332.68,3,17,20,3,0,689,332.68,3,0
CUST_0737,18,1,1,2023-06-29,385.4,4,17,24,2,1,536,385.4,4,1
CUST_0738,38,1,1,2023-04-25,424.5,10,36,8,3,1,601,424.5,10,1
CUST_0739,23,0,1,2023-11-29,310.67,5,21,0,4,0,383,310.67,5,0
CUST_0740,45,0,2,2023-02-05,53.42,10,8,5,0,0,680,53.42,10,0
CUST_0741,34,0,4,2023-11-30,248.94,12,5,22,3,0,382,248.94,12,0
CUST_0742,22,1,2,2023-01-21,48.05,10,26,18,2,1,695,48.05,10,0
CUST_0743,48,0,3,2023-01-16,209.7,13,16,22,3,0,700,209.7,13,0
CUST_0744,22,0,1,2023-05-07,209.48,11,36,10,1,1,589,209.48,11,1
CUST_0745,55,1,2,2023-04-13,42.34,16,28,10,4,0,613,42.34,16,0
CUST_0746,20,0,2,2023-01-11,180.92,8,29,22,4,0,705,180.92,8,0
CUST_0747,40,1,3,2023-11-15,64.39,8,47,29,4,0,397,64.39,8,0
CUST_0748,54,1,0,2023-03-20,406.04,8,12,12,4,1,637,406.04,8,1
CUST_0749,54,1,4,2023-05-03,474.37,13,37,10,4,0,593,474.37,13,0
CUST_0750,27,0,0,2023-03-06,45.44,2,30,17,4,0,651,45.44,2,0
CUST_0751,27,0,1,2023-08-31,478.01,12,23,22,0,0,473,478.01,12,0
CUST_0752,36,1,2,2023-12-09,266.06,10,16,14,2,1,373,266.06,10,0
CUST_0753,34,0,3,2023-02-28,156.79,12,14,0,4,1,657,156.79,12,1
CUST_0754,38,0,3,2023-10-16,47.66,11,10,20,2,0,427,47.66,11,0
CUST_0755,31,0,4,2023-04-22,255.31,15,7,24,4,1,604,255.31,15,1
CUST_0756,26,0,0,2023-08-27,399.31,16,45,6,3,0,477,399.31,16,0
CUST_0757,63,1,4,2023-12-25,356.47,17,37,22,4,0,357,356.47,17,0
CUST_0758,18,0,2,2023-05-12,34.61,2,29,26,1,0,584,34.61,2,0
CUST_0759,62,1,4,2023-07-08,45.72,18,3,12,0,0,527,45.72,18,0
CUST_0760,30,1,3,2023-03-27,207.41,12,15,11,3,1,630,207.41,12,1
CUST_0761,21,0,3,2023-11-07,154.69,19,36,17,3,1,405,154.69,19,1
CUST_0762,18,1,1,2023-11-07,123.87,18,47,23,1,0,405,123.87,18,0
CUST_0763,57,0,1,2023-02-28,147.69,17,46,18,4,0,657,147.69,17,0
CUST_0764,49,0,2,2023-03-25,403.71,6,19,14,0,1,632,403.71,6,1
CUST_0765,51,1,0,2023-06-09,465.32,15,13,7,3,1,556,465.32,15,1
CUST_0766,45,1,4,2023-02-25,208.5,3,42,18,0,0,660,208.5,3,0
CUST_0767,48,1,2,2023-10-24,453.99,6,21,9,3,1,419,453.99,6,1
CUST_0768,25,1,1,2023-01-14,167.53,3,37,6,4,0,702,167.53,3,0
CUST_0769,56,0,4,2023-06-09,243.45,1,27,17,3,0,556,243.45,1,0
CUST_0770,43,0,1,2023-10-22,120.75,13,29,15,3,1,421,120.75,13,1
CUST_0771,51,0,4,2023-12-13,323.83,14,20,19,2,0,369,323.83,14,0
CUST_0772,20,1,0,2023-07-12,489.7,13,25,26,4,0,523,489.7,13,0
CUST_0773,29,1,2,2023-07-23,305.71,4,6,5,1,0,512,305.71,4,0
CUST_0774,18,1,4,2023-04-12,185.33,7,36,26,1,1,614,185.33,7,1
CUST_0775,61,0,3,2023-02-08,327.43,10,2,8,4,1,677,327.43,10,0
CUST_0776,22,1,3,2023-10-31,70.23,7,22,20,1,0,412,70.23,7,0
CUST_0777,47,0,4,2023-12-20,445.44,15,32,12,4,0,362,445.44,15,0
CUST_0778,47,1,4,2023-11-18,256.51,15,16,24,1,0,394,256.51,15,0
CUST_0779,34,0,4,2023-05-05,230.18,4,18,20,2,0,591,230.18,4,0
CUST_0780,64,0,3,2023-02-22,297.07,6,5,25,1,0,663,297.07,6,0
CUST_0781,40,1,3,2023-12-23,316.14,5,36,7,3,1,359,316.14,5,1
CUST_0782,32,1,4,2023-06-04,45.17,12,30,15,4,0,561,45.17,12,0
CUST_0783,54,0,1,2023-12-17,344.48,1,45,12,0,0,365,344.48,1,0
CUST_0784,38,0,1,2023-11-04,128.55,8,19,12,0,0,408,128.55,8,0
CUST_0785,31,1,0,2023-03-03,359.84,1,23,16,4,0,654,359.84,1,0
CUST_0786,19,1,2,2023-10-17,413.04,5,34,22,2,1,426,413.04,5,1
CUST_0787,28,0,1,2023-01-22,403.94,6,13,19,1,0,694,403.94,6,0
CUST_0788,56,1,3,2023-06-27,280.73,3,43,4,2,0,538,280.73,3,0
CUST_0789,55,0,1,2023-09-30,264.88,15,29,21,0,0,443,264.88,15,0
CUST_0790,51,0,0,2023-08-08,80.01,5,36,20,4,0,496,80.01,5,0
CUST_0791,55,1,0,2023-12-05,389.92,14,22,27,4,0,377,389.92,14,0
CUST_0792,51,1,2,2023-07-09,142.99,18,47,16,2,0,526,142.99,18,0
CUST_0793,35,1,1,2023-02-05,253.38,16,36,27,2,0,680,253.38,16,0
CUST_0794,47,1,3,2023-09-17,149.29,6,9,8,1,0,456,149.29,6,0
CUST_0795,32,1,3,2023-11-28,75.58,14,39,1,3,0,384,75.58,14,0
CUST_0796,44,0,4,2023-06-24,318.48,8,19,24,3,0,541,318.48,8,0
CUST_0797,51,0,3,2023-01-07,36.62,7,38,25,1,1,709,36.62,7,1
CUST_0798,55,1,2,2023-08-04,376.84,8,6,17,3,0,500,376.84,8,0
CUST_0799,50,1,2,2023-09-08,165.62,13,47,8,0,0,465,165.62,13,0
CUST_0800,41,1,3,2023-02-24,10.07,6,15,5,3,0,661,10.07,6,0
CUST_0801,32,0,3,2023-08-10,260.45,18,20,10,1,0,494,260.45,18,0
CUST_0802,47,1,4,2023-07-05,32.96,2,9,24,3,1,530,32.96,2,0
CUST_0803,59,1,3,2023-11-22,145.32,8,32,28,4,0,390,145.32,8,0
CUST_0804,34,0,4,2023-08-24,356.42,11,4,5,2,1,480,356.42,11,1
CUST_0805,22,0,4,2023-12-29,40.72,1,18,5,0,0,353,40.72,1,0
CUST_0806,46,1,3,2023-03-20,421.28,6,5,12,4,0,637,421.28,6,0
CUST_0807,21,1,0,2023-08-11,11.87,16,20,10,4,1,493,11.87,16,1
CUST_0808,27,1,0,2023-04-01,130.94,12,23,13,1,0,625,130.94,12,0
CUST_0809,34,0,4,2023-09-25,373.04,11,11,1,2,0,448,373.04,11,0
CUST_0810,27,1,3,2023-11-30,164.97,10,37,7,2,0,382,164.97,10,0
CUST_0811,34,1,0,2023-05-19,59.93,3,22,2,0,1,577,59.93,3,1
CUST_0812,37,1,3,2023-11-12,186.51,13,4,22,1,0,400,186.51,13,0
CUST_0813,41,0,3,2023-10-03,142.49,3,29,20,0,1,440,142.49,3,1
CUST_0814,22,0,3,2023-09-05,422.93,15,44,2,3,0,468,422.93,15,0
CUST_0815,51,1,1,2023-08-27,163.54,16,34,0,4,1,477,163.54,16,1
CUST_0816,23,1,3,2023-08-12,396.58,13,13,23,0,0,492,396.58,13,0
CUST_0817,19,0,1,2023-10-31,447.02,17,42,18,4,1,412,447.02,17,1
CUST_0818,30,0,4,2023-05-18,222.57,3,9,17,1,0,578,222.57,3,0
CUST_0819,60,0,0,2023-06-15,455.87,11,42,16,3,1,550,455.87,11,1
CUST_0820,60,0,0,2023-05-06,194.89,19,31,19,1,0,590,194.89,19,0
CUST_0821,28,0,0,2023-02-14,482.4,11,7,28,3,0,671,482.4,11,0
CUST_0822,64,0,0,2023-05-23,53.75,16,4,23,3,0,573,53.75,16,0
CUST_0823,40,0,0,2023-08-19,346.64,3,19,12,4,0,485,346.64,3,0
CUST_0824,33,0,0,2023-05-05,251.97,6,42,2,1,0,591,251.97,6,0
CUST_0825,48,0,0,2023-08-26,199.95,14,30,29,1,1,478,199.95,14,1
CUST_0826,28,1,4,2023-10-19,320.03,18,31,0,0,1,424,320.03,18,1
CUST_0827,33,1,3,2023-11-09,354.89,17,35,3,1,0,403,354.89,17,0
CUST_0828,25,1,2,2023-12-09,12.14,4,21,24,0,1,373,12.14,4,0
CUST_0829,21,0,1,2023-07-14,91.81,15,31,12,2,0,521,91.81,15,0
CUST_0830,57,1,2,2023-06-22,359.39,11,19,16,2,0,543,359.39,11,0
CUST_0831,21,0,2,2023-01-15,336.53,3,31,27,2,1,701,336.53,3,1
CUST_0832,42,0,3,2023-09-11,483.36,3,32,29,1,0,462,483.36,3,0
CUST_0833,20,1,3,2023-06-16,382.91,16,2,10,1,1,549,382.91,16,0
CUST_0834,49,0,3,2023-04-04,475.88,5,10,1,0,0,622,475.88,5,0
CUST_0835,20,1,0,2023-09-07,354.24,10,2,24,3,0,466,354.24,10,0
CUST_0836,44,1,4,2023-04-19,156.05,19,2,15,0,0,607,156.05,19,0
CUST_0837,46,1,0,2023-07-01,61.63,4,24,1,2,0,534,61.63,4,0
CUST_0838,49,0,4,2023-05-13,393.09,19,17,28,0,0,583,393.09,19,0
CUST_0839,36,1,4,2023-06-24,325.63,11,32,18,3,1,541,325.63,11,1
CUST_0840,38,0,2,2023-05-24,33.61,2,16,22,1,1,572,33.61,2,1
CUST_0841,22,1,2,2023-11-02,186.42,10,16,18,0,1,410,186.42,10,1
CUST_0842,35,1,4,2023-12-26,478.83,11,46,24,2,0,356,478.83,11,0
CUST_0843,45,1,4,2023-05-22,255.2,16,39,15,2,0,574,255.2,16,0
CUST_0844,59,0,0,2023-10-12,222.04,19,31,21,1,0,431,222.04,19,0
CUST_0845,39,0,0,2023-01-06,234.27,11,43,18,0,0,710,234.27,11,0
CUST_0846,38,0,2,2023-09-22,112.35,14,24,8,3,0,451,112.35,14,0
CUST_0847,23,1,3,2023-04-08,190.67,2,1,0,1,1,618,190.67,2,1
CUST_0848,18,1,4,2023-02-13,191.21,5,11,9,0,0,672,191.21,5,0
CUST_0849,22,0,0,2023-05-04,35.65,5,21,18,4,0,592,35.65,5,0
CUST_0850,58,0,2,2023-07-28,386.11,19,4,0,2,0,507,386.11,19,0
CUST_0851,29,0,0,2023-09-08,214.09,12,7,1,3,0,465,214.09,12,0
CUST_0852,43,0,4,2023-10-12,412.87,18,26,15,3,0,431,412.87,18,0
CUST_0853,63,0,4,2023-05-04,426.67,4,47,11,3,1,592,426.67,4,1
CUST_0854,51,0,1,2023-12-20,113.88,17,12,7,2,0,362,113.88,17,0
CUST_0855,31,1,3,2023-09-01,332.1,10,31,22,0,1,472,332.1,10,1
CUST_0856,43,0,1,2023-11-27,241.42,6,17,17,1,0,385,241.42,6,0
CUST_0857,62,1,2,2023-12-31,441.28,14,33,1,0,0,351,441.28,14,0
CUST_0858,44,1,0,2023-09-09,115.71,11,11,24,1,0,464,115.71,11,0
CUST_0859,26,0,2,2023-08-18,342.13,11,28,28,3,1,486,342.13,11,1
CUST_0860,43,0,4,2023-01-09,307.8,18,32,12,0,1,707,307.8,18,1
CUST_0861,64,1,1,2023-02-17,154.7,18,1,5,3,0,668,154.7,18,0
CUST_0862,39,0,1,2023-05-31,76.93,11,47,20,4,0,565,76.93,11,0
CUST_0863,64,0,1,2023-04-24,329.3,12,28,25,3,0,602,329.3,12,0
CUST_0864,47,1,2,2023-07-27,371.91,5,42,5,3,0,508,371.91,5,0
CUST_0865,60,1,4,2023-12-21,164.66,9,7,8,1,1,361,164.66,9,1
CUST_0866,34,1,0,2023-05-05,325.97,9,2,15,4,0,591,325.97,9,0
CUST_0867,43,0,0,2023-06-06,203.61,10,42,10,3,0,559,203.61,10,0
CUST_0868,53,1,2,2023-12-06,359.47,19,24,6,3,0,376,359.47,19,0
CUST_0869,18,0,1,2023-10-25,107.62,1,4,9,4,0,418,107.62,1,0
CUST_0870,25,1,3,2023-07-08,446.21,7,44,9,4,0,527,446.21,7,0
CUST_0871,52,1,2,2023-08-31,150.83,4,19,29,0,0,473,150.83,4,0
CUST_0872,32,1,2,2023-10-11,190.22,1,26,24,1,1,432,190.22,1,1
CUST_0873,64,0,4,2023-09-29,38.47,15,11,19,4,1,444,38.47,15,1
CUST_0874,39,0,0,2023-06-26,64.64,8,40,17,4,0,539,64.64,8,0
CUST_0875,31,1,2,2023-08-06,262.77,12,43,27,2,1,498,262.77,12,0
CUST_0876,43,1,2,2023-10-09,141.12,18,11,23,4,0,434,141.12,18,0
CUST_0877,45,1,1,2023-06-19,419.39,15,45,19,1,0,546,419.39,15,0
CUST_0878,40,0,1,2023-06-30,17.2,17,3,28,3,0,535,17.2,17,0
CUST_0879,31,1,3,2023-12-26,195.76,14,12,8,3,0,356,195.76,14,0
CUST_0880,41,0,4,2023-08-21,175.3,14,3,14,3,0,483,175.3,14,0
CUST_0881,19,1,3,2023-05-19,19.47,18,42,3,3,0,577,19.47,18,0
CUST_0882,62,1,1,2023-06-06,70.94,18,27,7,2,0,559,70.94,18,0
CUST_0883,43,1,0,2023-05-09,212.68,16,49,8,4,1,587,212.68,16,1
CUST_0884,31,1,1,2023-04-29,251.5,1,2,12,3,0,597,251.5,1,0
CUST_0885,24,1,4,2023-03-03,208.1,11,49,8,0,0,654,208.1,11,0
CUST_0886,20,1,1,2023-04-09,270.16,15,16,25,3,0,617,270.16,15,0
CUST_0887,64,0,4,2023-06-11,301.61,12,2,3,4,0,554,301.61,12,0
CUST_0888,40,1,4,2023-03-03,14.86,8,30,16,3,0,654,14.86,8,0
CUST_0889,63,0,4,2023-10-02,237.41,6,20,15,2,1,441,237.41,6,1
CUST_0890,60,1,4,2023-12-20,482.11,3,38,14,1,0,362,482.11,3,0
CUST_0891,64,1,4,2023-04-05,264.33,13,28,2,1,0,621,264.33,13,0
CUST_0892,62,0,0,2023-04-09,342.0,13,25,24,4,0,617,342.0,13,0
CUST_0893,35,1,3,2023-04-21,162.81,2,32,19,1,0,605,162.81,2,0
CUST_0894,55,0,2,2023-09-05,389.26,5,10,4,1,0,468,389.26,5,0
CUST_0895,52,0,3,2023-05-22,388.73,17,42,22,0,0,574,388.73,17,0
CUST_0896,32,1,4,2023-10-29,265.44,6,40,4,4,0,414,265.44,6,0
CUST_0897,42,0,0,2023-09-26,488.25,2,33,19,4,0,447,488.25,2,0
CUST_0898,54,0,1,2023-11-02,71.52,4,13,14,1,0,410,71.52,4,0
CUST_0899,45,1,0,2023-05-25,18.3,11,41,17,1,1,571,18.3,11,1
CUST_0900,27,0,4,2023-02-21,387.38,8,42,14,1,0,664,387.38,8,0
